{"Longitude":-73.9934288,"Latitude":40.7431477,"Criteria":"Cost"}
{"Longitude":-73.981534,"Latitude":40.738832,"Criteria":"Cost"}
{"Longitude":-73.991562,"Latitude":40.747003,"Criteria":"Cost"}
{"Longitude":-73.993367,"Latitude":40.740162,"Criteria":"Cost"}
{"Longitude":-73.993274,"Latitude":40.743563,"Criteria":"Cost"}
{"Longitude":-73.990024,"Latitude":40.739867,"Criteria":"Cost"}
{"Longitude":-73.990024,"Latitude":40.739867,"Criteria":"Cost"}
{"Longitude":-73.992609,"Latitude":40.740941,"Criteria":"Cost"}
{"Longitude":-73.98618,"Latitude":40.743877,"Criteria":"Cost"}
{"Longitude":-73.989947,"Latitude":40.744697,"Criteria":"Cost"}