{"Longitude":-74.00118,"Latitude":40.718871,"Criteria":"Cost"}
{"Longitude":-73.991924,"Latitude":40.728623,"Criteria":"Cost"}
{"Longitude":-73.9447994,"Latitude":40.727434,"Criteria":"Cost"}
{"Longitude":-74.005398,"Latitude":40.7166822,"Criteria":"Cost"}
{"Longitude":-73.976169,"Latitude":40.727763,"Criteria":"Cost"}
{"Longitude":-73.9867361,"Latitude":40.7297485,"Criteria":"Cost"}
{"Longitude":-73.9893359,"Latitude":40.7277434,"Criteria":"Cost"}