{"Longitude":-122.323408,"Latitude":47.615313,"Criteria":"Capacity"}