{"Longitude":-73.987764,"Latitude":40.744618,"Criteria":"Culture"}
{"Longitude":-73.9918181,"Latitude":40.7489381,"Criteria":"Culture"}
{"Longitude":-74.00717,"Latitude":40.7408042,"Criteria":"Culture"}
{"Longitude":-73.9918181,"Latitude":40.7489381,"Criteria":"Culture"}